Parent Company,Display Name,TECHNOLOGY RELATED,NOT TECHNOLOGY RELATED
Apple,apple,0.9459022283554077,0.054097793996334076
Apple,AppleWatch,0.9440438151359558,0.055956169962882996
Apple,AppleMusic,0.9434586763381958,0.056541312485933304
Apple,iphone,0.9252777695655823,0.07472218573093414
Apple,appletv,0.949877142906189,0.05012287199497223
Apple,technology,0.8963473439216614,0.10365273058414459
Apple,ipad,0.9313634634017944,0.06863652169704437
Apple,AppleArcade,0.9323838353157043,0.06761612743139267
Apple,applehelp,0.9459660053253174,0.0540340431034565
Apple,mac,0.9368405342102051,0.06315944343805313
Apple,jailbreak,0.9309075474739075,0.06909247487783432
Apple,applesucks,0.9338662624359131,0.06613372266292572
Apple,appleswap,0.9377263188362122,0.06227366253733635
Apple,VisionPro,0.9414878487586975,0.05851208046078682
Apple,ios,0.9420726895332336,0.057927366346120834
Apple,tvPlus,0.9456213712692261,0.054378628730773926
Apple,macbook,0.9458320140838623,0.054167959839105606
Apple,AppleFitnessPlus,0.9495039582252502,0.05049610510468483
Apple,AppleTVPlus,0.9473918080329895,0.0526081845164299
Apple,applestocks,0.9235692024230957,0.07643084228038788
Apple,AppleBandMarket,0.9443284273147583,0.055671583861112595
Apple,ApplePhotos,0.9447683095932007,0.055231723934412
Apple,InvasionAppleTV,0.869439959526062,0.130560040473938
Apple,AppleTV4,0.9413065910339355,0.05869346484541893
Apple,ApplePlaylists,0.9409224987030029,0.05907752737402916
Apple,apple_jp,0.9063013792037964,0.09369859099388123
Apple,AppleEnterprise,0.9528436660766602,0.04715629667043686
Apple,CallsApple,0.8837803602218628,0.116219662129879
Microsoft,microsoft,0.9447571039199829,0.0552428737282753
Microsoft,MicrosoftRewards,0.9426965713500977,0.057303402572870255
Microsoft,MicrosoftTeams,0.9466506242752075,0.053349412977695465
Microsoft,xboxone,0.890507161617279,0.10949277132749557
Microsoft,technology,0.8963473439216614,0.10365273058414459
Microsoft,MicrosoftEdge,0.9404168128967285,0.059583235532045364
Microsoft,MicrosoftFlightSim,0.9419115781784058,0.05808836966753006
Microsoft,Windows10,0.9434086084365845,0.05659136921167374
Microsoft,MicrosoftWord,0.9473639130592346,0.05263608321547508
Microsoft,Office365,0.9465529918670654,0.05344702675938606
Microsoft,windows,0.93991619348526,0.0600837878882885
Microsoft,Windows11,0.9438146948814392,0.05618535354733467
Microsoft,windowsphone,0.9357553720474243,0.06424468010663986
Microsoft,MicrosoftPlanner,0.9497036337852478,0.05029631778597832
Microsoft,Surface,0.939339280128479,0.0606607124209404
Microsoft,MicrosoftLists,0.9500872492790222,0.04991273209452629
Microsoft,bing,0.9247415661811829,0.07525846362113953
Microsoft,pcmasterrace,0.8982142806053162,0.10178576409816742
Microsoft,MSAccess,0.9374738335609436,0.06252608448266983
Microsoft,xbox,0.7764215469360352,0.22357845306396484
Microsoft,microsoft365,0.9485349655151367,0.051465049386024475
Microsoft,AZURE,0.9386346340179443,0.06136539578437805
Microsoft,pcgaming,0.8027467727661133,0.19725321233272552
Microsoft,exchangeserver,0.9416362643241882,0.058363787829875946
Microsoft,linux,0.9325055480003357,0.06749442964792252
Microsoft,softwaregore,0.9301747679710388,0.06982525438070297
Microsoft,MicrosoftBand,0.9484232068061829,0.051576800644397736
Microsoft,MVIS,0.9337393641471863,0.06626058369874954
Microsoft,MicrosoftExcel,0.9512075185775757,0.04879250004887581
Microsoft,MicrosoftAccess,0.9491526484489441,0.0508473739027977
Microsoft,MicrosoftSurface,0.9494591951370239,0.050540775060653687
Microsoft,FuckMicrosoft,0.9452521204948425,0.05474791303277016
Microsoft,microsoftoffice,0.949000895023346,0.05099913105368614
Microsoft,MicrosoftOutlook,0.9509246945381165,0.04907523840665817
Microsoft,MicrosoftIgnite,0.940494179725647,0.05950586125254631
Microsoft,GreatXboxDeals,0.6358607411384583,0.36413928866386414
Microsoft,MicrosoftStore,0.9471521973609924,0.05284775793552399
Microsoft,xbox360,0.8533247113227844,0.14667530357837677
Microsoft,linuxmasterrace,0.9237755537033081,0.07622440159320831
Microsoft,MicrosoftBand2,0.9509906768798828,0.04900936037302017
Microsoft,MicrosoftYammer,0.9478492736816406,0.05215071141719818
Microsoft,MicrosoftSecurity,0.9480593204498291,0.0519406832754612
Microsoft,MicrosoftWhiteboard,0.9455575346946716,0.054442454129457474
Alphabet,waze,0.8241326212882996,0.17586739361286163
Alphabet,AndroidAuto,0.9294705390930176,0.07052943855524063
Alphabet,Android,0.9153929352760315,0.08460702002048492
Alphabet,jailbreak,0.9309075474739075,0.06909247487783432
Alphabet,technology,0.8963473439216614,0.10365273058414459
Alphabet,windowsphone,0.9357553720474243,0.06424468010663986
Alphabet,softwaregore,0.9301747679710388,0.06982525438070297
Alphabet,apple,0.9459022283554077,0.054097793996334076
Alphabet,google,0.9417938590049744,0.05820612236857414
Alphabet,shortcuts,0.9013237953186035,0.0986761823296547
Alphabet,tasker,0.9278063178062439,0.07219363749027252
Alphabet,GooglePixel,0.9379786849021912,0.062021322548389435
Alphabet,GoogleMaps,0.9349548816680908,0.0650450810790062
Alphabet,AndroidQuestions,0.8908527493476868,0.10914725810289383
Amazon,amazon,0.8274878263473511,0.17251215875148773
Amazon,bapcsalescanada,0.9156530499458313,0.08434697240591049
Amazon,amazonprime,0.8997910618782043,0.10020893067121506
Amazon,AmazonSeller,0.8662770986557007,0.1337229162454605
Amazon,Random_Acts_Of_Amazon,0.8163951635360718,0.18360480666160583
Amazon,technology,0.8963473439216614,0.10365273058414459
Amazon,AmazonUnder5,0.7938764095306396,0.20612359046936035
Amazon,AmazonPrimeVideo,0.9014652371406555,0.09853476285934448
Amazon,NintendoSwitchDeals,0.5579310059547424,0.4420689642429352
Amazon,AmazonFreebies,0.7974774837493896,0.20252251625061035
Amazon,AmazonPrimeDeals,0.8565962910652161,0.14340372383594513
Amazon,aws,0.9381091594696045,0.061890825629234314
Amazon,BestOfAmazonPrime,0.7072470784187317,0.2927529215812683
Amazon,amazonecho,0.9141154289245605,0.08588457852602005
Amazon,kindle,0.8615319132804871,0.13846811652183533
Amazon,cordcutters,0.6742342710494995,0.3257656991481781
Amazon,AmazonMusic,0.8961952328681946,0.10380472987890244
Amazon,AmazonWFShoppers,0.8506099581718445,0.1493900716304779
Amazon,NintendoSwitch,0.6883412003517151,0.3116587698459625
Amazon,alexa,0.9218804836273193,0.07811949402093887
Amazon,AmazonKDP,0.9058606028556824,0.09413944184780121
Amazon,AmazonWebServices,0.9270688891410828,0.07293105870485306
Nvidia,nvidia,0.9437152147293091,0.05628477782011032
Nvidia,hardware,0.926306426525116,0.07369356602430344
Nvidia,ShieldAndroidTV,0.9390518069267273,0.06094823777675629
Nvidia,GeForceNOW,0.9430749416351318,0.056925103068351746
Nvidia,LaptopDeals,0.9204440116882324,0.07955601811408997
Nvidia,AyyMD,0.9225627779960632,0.0774371549487114
Nvidia,technology,0.8963473439216614,0.10365273058414459
Nvidia,techsupport,0.9220484495162964,0.07795150578022003
Nvidia,hackintosh,0.8985860347747803,0.10141392797231674
Nvidia,GamingLaptops,0.9078131318092346,0.09218690544366837
Nvidia,linux4noobs,0.9354854822158813,0.06451449543237686
Nvidia,bapcsalescanada,0.9156530499458313,0.08434697240591049
Nvidia,nvidiacirclejerk,0.9435920715332031,0.05640789493918419
Nvidia,gpumining,0.7858498692512512,0.21415014564990997
Nvidia,gsync,0.942828893661499,0.05717111751437187
Nvidia,kde,0.926379382610321,0.07362057268619537
Nvidia,linuxmint,0.9378430843353271,0.06215686723589897
Nvidia,dogemining,0.791873574256897,0.20812644064426422
Nvidia,pcgamingtechsupport,0.9196998476982117,0.08030017465353012
Nvidia,htpc,0.9073736071586609,0.09262637794017792
Nvidia,gigabyte,0.9090671539306641,0.09093289077281952
Nvidia,vmgaming,0.938574492931366,0.06142552196979523
Nvidia,MSILaptops,0.930628776550293,0.06937115639448166
Tesla,TeslaModel3,0.8921132683753967,0.10788676142692566
Tesla,RealTesla,0.6721517443656921,0.32784825563430786
Tesla,TeslaModelY,0.8873705863952637,0.11262941360473633
Tesla,teslainvestorsclub,0.8687305450439453,0.1312694400548935
Tesla,EnoughMuskSpam,0.7052788734436035,0.2947211265563965
Tesla,TeslaCam,0.8862987160682678,0.11370135843753815
Tesla,TeslaSolar,0.8757427930831909,0.12425724416971207
Tesla,electricvehicles,0.7562500238418579,0.2437499612569809
Tesla,TeslaModelX,0.8913801908493042,0.1086198017001152
Tesla,elonmusk,0.8183854222297668,0.18161459267139435
Tesla,TeslaModelS,0.8887284994125366,0.11127153038978577
Tesla,TSLA,0.9124355912208557,0.08756443113088608
Tesla,ModelY,0.8501830101013184,0.14981691539287567
Tesla,TeslaLightShow,0.8169808387756348,0.18301919102668762
Tesla,TeslaSemi,0.5607483386993408,0.43925169110298157
Tesla,TeslaModel3Delivery,0.8793148398399353,0.12068521976470947
Tesla,TeslaAutonomy,0.877418041229248,0.12258195132017136
Tesla,Tesla_Motors,0.9041537046432495,0.09584623575210571
Tesla,TeslaSafe,0.868215799331665,0.13178418576717377
Tesla,TeslaTruck,0.8758386969566345,0.12416127324104309
Tesla,TeslaFSD,0.9011187553405762,0.09888128936290741
Tesla,TeslaModel3SRDelivery,0.8620396852493286,0.1379602998495102
Tesla,TeslaSpeed,0.8902726173400879,0.1097273901104927
Tesla,TeslaCharts,0.8601215481758118,0.13987845182418823
Tesla,TeslaRoof,0.9041352868080139,0.0958646759390831
Meta,OculusQuest,0.9072072505950928,0.09279277920722961
Meta,pcmasterrace,0.8982142806053162,0.10178576409816742
Meta,hardwareswap,0.9227428436279297,0.0772572010755539
Meta,VRchat,0.8800788521766663,0.11992114782333374
Meta,technology,0.8963473439216614,0.10365273058414459
Meta,OnwardVR,0.8925277590751648,0.10747223347425461
